message_id,time,sender,url,content,source_group,source_id,reply_to
1710,2026-01-29 13:04:11,gogo00300,https://x.com/misscat_ai/status/2016467796155322645,[媒体内容] https://x.com/misscat_ai/status/2016467796155322645?s=52&t=qeeassIfZlexH2eNHVMHaQ,x article,-5184448717,
1711,2026-01-29 13:04:44,gogo00300,https://x.com/liumangtucrypto/status/2016428034098921933,[媒体内容] https://x.com/liumangtucrypto/status/2016428034098921933?s=52&t=qeeassIfZlexH2eNHVMHaQ,x article,-5184448717,
1713,2026-01-29 16:12:07,gogo00300,https://x.com/i/status/2016685995090153800,[媒体内容] https://x.com/i/status/2016685995090153800,x article,-5184448717,
1714,2026-01-29 16:12:48,gogo00300,https://x.com/i/status/2016705997415600233,[媒体内容] https://x.com/i/status/2016705997415600233,x article,-5184448717,
1752,2026-01-31 19:17:53,gogo00300,https://x.com/i/status/2017389445117579651,[媒体内容] https://x.com/i/status/2017389445117579651,x article,-5184448717,
1756,2026-01-31 19:29:16,gogo00300,https://x.com/i/status/2017038553058857413,https://x.com/i/status/2017038553058857413,x article,-5184448717,
1790,2026-02-02 18:48:20,gogo00300,https://x.com/i/status/2018110842802430229,[媒体内容] https://x.com/i/status/2018110842802430229,x article,-5184448717,
1791,2026-02-02 18:48:37,gogo00300,https://x.com/i/status/2018118669117935688,[媒体内容] https://x.com/i/status/2018118669117935688,x article,-5184448717,
1792,2026-02-02 18:49:03,gogo00300,https://x.com/i/status/2018051153246687658,[媒体内容] https://x.com/i/status/2018051153246687658,x article,-5184448717,
1793,2026-02-02 18:52:07,gogo00300,https://x.com/i/status/2018187857643417623,[媒体内容] https://x.com/i/status/2018187857643417623,x article,-5184448717,
1812,2026-02-03 16:54:46,gogo00300,https://x.com/i/status/2018473298968166653,[媒体内容] https://x.com/i/status/2018473298968166653,x article,-5184448717,
1813,2026-02-03 17:00:57,gogo00300,https://x.com/i/status/2018404622239424683,[媒体内容] https://x.com/i/status/2018404622239424683,x article,-5184448717,
1814,2026-02-03 17:01:37,gogo00300,https://x.com/i/status/2018412074028638514,[媒体内容] https://x.com/i/status/2018412074028638514,x article,-5184448717,
1815,2026-02-03 17:03:03,gogo00300,https://x.com/i/status/2015838354806603792,[媒体内容] https://x.com/i/status/2015838354806603792,x article,-5184448717,
1834,2026-02-06 20:43:18,gogo00300,https://x.com/i/status/2019651804062241077,[媒体内容] https://x.com/i/status/2019651804062241077,x article,-5184448717,
1850,2026-02-07 16:07:37,newnew321,https://x.com/lxfater/status/2015949596544110974,[媒体内容] https://x.com/lxfater/status/2015949596544110974?s=52&t=qeeassIfZlexH2eNHVMHaQ,x article,-5184448717,
1851,2026-02-07 16:08:30,newnew321,https://x.com/dcidwso/status/2019700921349853474,[媒体内容] https://x.com/dcidwso/status/2019700921349853474?s=52&t=qeeassIfZlexH2eNHVMHaQ,x article,-5184448717,
1865,2026-02-08 12:42:05,gogo00300,https://x.com/i/status/2020025525784514671,[媒体内容] https://x.com/i/status/2020025525784514671,x article,-5184448717,
1866,2026-02-08 12:43:26,gogo00300,https://x.com/i/status/2020029713973231818,[媒体内容] https://x.com/i/status/2020029713973231818,x article,-5184448717,
1867,2026-02-08 12:44:19,gogo00300,https://x.com/i/status/2020099666298253700,[媒体内容] https://x.com/i/status/2020099666298253700,x article,-5184448717,
1874,2026-02-08 23:23:07,gogo00300,https://x.com/i/status/2020475413055885385,[媒体内容] https://x.com/i/status/2020475413055885385,x article,-5184448717,
1875,2026-02-08 23:23:18,gogo00300,https://x.com/i/status/2019804584273657884,[媒体内容] https://x.com/i/status/2019804584273657884,x article,-5184448717,
1876,2026-02-08 23:23:44,gogo00300,https://x.com/i/status/2020376282396258538,[媒体内容] https://x.com/i/status/2020376282396258538,x article,-5184448717,
1877,2026-02-08 23:24:16,gogo00300,https://x.com/i/status/2020381333177135340,[媒体内容] https://x.com/i/status/2020381333177135340,x article,-5184448717,
1878,2026-02-08 23:26:39,gogo00300,https://x.com/i/status/2020464769019560291,[媒体内容] https://x.com/i/status/2020464769019560291,x article,-5184448717,
1879,2026-02-08 23:26:50,gogo00300,https://x.com/i/status/2020396417542463546,[媒体内容] https://x.com/i/status/2020396417542463546,x article,-5184448717,
1881,2026-02-08 23:27:50,gogo00300,https://x.com/i/status/2020342430621688213,[媒体内容] https://x.com/i/status/2020342430621688213,x article,-5184448717,
1883,2026-02-09 02:13:11,gogo00300,https://x.com/i/status/2020253312105476273,[媒体内容] https://x.com/i/status/2020253312105476273,x article,-5184448717,
1884,2026-02-09 02:13:24,gogo00300,https://x.com/i/status/2020468576537260516,[媒体内容] https://x.com/i/status/2020468576537260516,x article,-5184448717,
1885,2026-02-09 02:13:38,gogo00300,https://x.com/i/status/2020501497377968397,[媒体内容] https://x.com/i/status/2020501497377968397,x article,-5184448717,
1886,2026-02-09 02:14:29,gogo00300,https://x.com/i/status/2020158945516462472,[媒体内容] https://x.com/i/status/2020158945516462472,x article,-5184448717,
1887,2026-02-09 02:15:06,gogo00300,https://x.com/i/status/2018946199106326726,[媒体内容] https://x.com/i/status/2018946199106326726,x article,-5184448717,
1888,2026-02-09 02:15:21,gogo00300,https://x.com/i/status/2020318867567046939,[媒体内容] https://x.com/i/status/2020318867567046939,x article,-5184448717,
1889,2026-02-09 02:16:04,gogo00300,https://x.com/i/status/2020302684717478225,[媒体内容] https://x.com/i/status/2020302684717478225,x article,-5184448717,
1890,2026-02-09 02:16:20,gogo00300,https://x.com/i/status/2020491406423490782,[媒体内容] https://x.com/i/status/2020491406423490782,x article,-5184448717,
1899,2026-02-09 10:56:11,gogo00300,https://x.com/i/status/2020545013214773503,[媒体内容] https://x.com/i/status/2020545013214773503,x article,-5184448717,
1900,2026-02-09 10:56:27,gogo00300,https://x.com/i/status/2020319580217094306,[媒体内容] https://x.com/i/status/2020319580217094306,x article,-5184448717,
1901,2026-02-09 10:56:42,gogo00300,https://x.com/i/status/2020342019575673223,[媒体内容] https://x.com/i/status/2020342019575673223,x article,-5184448717,
1903,2026-02-09 10:58:32,gogo00300,https://x.com/i/status/2020493437959549148,[媒体内容] https://x.com/i/status/2020493437959549148,x article,-5184448717,
1904,2026-02-09 10:59:11,gogo00300,https://x.com/i/status/2020475413055885385,[媒体内容] https://x.com/i/status/2020475413055885385,x article,-5184448717,
1905,2026-02-09 10:59:44,gogo00300,https://x.com/i/status/2020600530222063899,[媒体内容] https://x.com/i/status/2020600530222063899,x article,-5184448717,
1906,2026-02-09 11:00:20,gogo00300,https://x.com/i/status/2020661918869164047,[媒体内容] https://x.com/i/status/2020661918869164047,x article,-5184448717,
1907,2026-02-09 11:01:32,gogo00300,https://x.com/i/status/2020253312105476273,[媒体内容] https://x.com/i/status/2020253312105476273,x article,-5184448717,
1910,2026-02-09 13:27:18,newnew321,https://x.com/ayi_ainotes/status/2020345793098707305,[媒体内容] https://x.com/ayi_ainotes/status/2020345793098707305?s=52&t=qeeassIfZlexH2eNHVMHaQ,x article,-5184448717,
1911,2026-02-09 13:37:08,newnew321,https://x.com/dotey/status/2020637804267446615,[媒体内容] https://x.com/dotey/status/2020637804267446615?s=52&t=qeeassIfZlexH2eNHVMHaQ,x article,-5184448717,
1912,2026-02-09 13:39:40,newnew321,https://x.com/guishou_56/status/2020703609457869241,[媒体内容] https://x.com/guishou_56/status/2020703609457869241?s=52&t=qeeassIfZlexH2eNHVMHaQ,x article,-5184448717,
1913,2026-02-09 13:43:43,newnew321,https://x.com/gojun315/status/2020393137928302693,[媒体内容] https://x.com/gojun315/status/2020393137928302693?s=52&t=qeeassIfZlexH2eNHVMHaQ,x article,-5184448717,
1914,2026-02-09 13:45:43,newnew321,https://x.com/guishou_56/status/2020475192061899046,[媒体内容] https://x.com/guishou_56/status/2020475192061899046?s=52&t=qeeassIfZlexH2eNHVMHaQ,x article,-5184448717,
1915,2026-02-09 13:46:05,newnew321,https://x.com/yanhua1010/status/2020657176289911181,[媒体内容] https://x.com/yanhua1010/status/2020657176289911181?s=52&t=qeeassIfZlexH2eNHVMHaQ,x article,-5184448717,
1916,2026-02-09 13:46:30,newnew321,https://x.com/lawrencew_zen/status/2020513951713529974,[媒体内容] https://x.com/lawrencew_zen/status/2020513951713529974?s=52&t=qeeassIfZlexH2eNHVMHaQ,x article,-5184448717,
1917,2026-02-09 14:12:25,gogo00300,https://x.com/i/status/2020649409521041502,[媒体内容] https://x.com/i/status/2020649409521041502,x article,-5184448717,
1795,2026-02-03 08:51:18,gogo00300,https://x.com/i/status/2018450077019513159,[媒体内容] https://x.com/i/status/2018450077019513159,moltbook,-5097290219,
1797,2026-02-03 09:06:29,gogo00300,https://x.com/i/status/2018156468533621034,[媒体内容] https://x.com/i/status/2018156468533621034,moltbook,-5097290219,
1799,2026-02-03 09:14:29,gogo00300,https://x.com/i/status/2018370390469341429,[媒体内容] https://x.com/i/status/2018370390469341429,moltbook,-5097290219,
1800,2026-02-03 09:20:49,gogo00300,https://x.com/i/status/2018329176810651829,[媒体内容] https://x.com/i/status/2018329176810651829,moltbook,-5097290219,
1802,2026-02-03 09:26:35,gogo00300,https://x.com/i/status/2017983908340785220,[媒体内容] https://x.com/i/status/2017983908340785220,moltbook,-5097290219,
1921,2026-02-09 15:22:44,gogo00300,https://x.com/i/status/2020691830380155311,[媒体内容] https://x.com/i/status/2020691830380155311,x article,-5184448717,
1922,2026-02-09 15:37:10,gogo00300,https://x.com/i/status/2020514022710538712,[媒体内容] https://x.com/i/status/2020514022710538712,x article,-5184448717,
